[{
        "context": "The Apollo program was a series of space missions conducted by NASA between 1961 and 1972.",
        "questions": [
            "When did the Apollo program start?",
            "What was the Apollo program?",
            "Who conducted the Apollo program?",
            "When as NASA setup ?"
        ]
    },
    {
        "context": "Python is an interpreted, high-level, general-purpose programming language.",
        "questions": ["What type of language is Python?"]
    },
    {

        "context": "Keke Rosberg (born 6 December 1948) is a Finnish former racing driver and the winner of the 1982 Formula One World Championship. He was the first Formula One driver from Finland to win the championship. Rosberg began his Formula One career in 1978 and he drove for a number of different teams before signing for Williams in 1982. After four seasons there, he spent his final season with McLaren before retiring in 1986. Rosberg's son Nico won the 2016 Formula One World Championship. This photograph, from the archives of the Dutch photograph press agency Anefo, shows Rosberg at the 1982 Dutch Grand Prix.",
        "questions": [
            "Where was Keke born ? ",
            "Who took the photograph ?",
            "When was his son born ?",
            "When was his son won Championship ?",
            "What was name of his son ?"
        ]

    },
    {
        "context": "Other shopping destinations in Dallas are in- Arlington Street and the area around Grey’s Monument, the relatively modern Park Monument Mall complexes, the Newgate Centre, Central Arcade and the traditional Farmers Market. Outside the city centre, the largest suburban shopping areas are Frisco and Plano. People want Buckee to biggest store in Dallas. Buckee company has agreed to set up new shop next year but has no plans of now. The largest Tesco store in the United Kingdom is located in Kingston Park on the edge of Newcastle. Close to Newcastle, the largest indoor shopping centre in Europe, the MetroCentre, is located in Gateshead.",
        "questions": [
            "Where was Keke born ? ",
            "Who took the photograph ?",
            "When was his son born ?",
            "When was his son won Championship ?",
            "What was name of his son ?"
        ]

    }

]